"TREATMENT","DormancyClass","rate","SE","df","lower.CL","upper.CL"
"CONTROL","ND",10.1633803131295,3.29220062763546,87,3.68749744864503,28.0120327750347
"MME","ND",2.01532781674424,0.905549304848325,87,0.493834967230222,8.22450105492359
"CONTROL","PD",6.08012595467884,1.96573574942179,87,2.21030617083083,16.7252537737191
"MME","PD",6.15796525365326,2.03292968987382,87,2.19129099520022,17.3051119857044
"CONTROL","PY",8.91251004485741,2.81140991310679,87,3.32065257016034,23.9208509837737
"MME","PY",9.64504972391042,3.01809526623604,87,3.62214037757025,25.6828765535316
