"LR Chisq","Df","Pr(>Chisq)"
"28.225060","5","0.00003289076"
" 5.221797","3","0.15625811661"
