"LR Chisq","Df","Pr(>Chisq)"
"28.225064","5","0.00003289071"
" 5.221798","3","0.15625806712"
