"LR Chisq","Df","Pr(>Chisq)"
143.752892444158,5,0.000000000000000000000000000028492537820708
23.8138357084508,3,0.0000273182246708877
