"Chisq","Df","Pr(>Chisq)"
5.26371066587492,2,0.0719448566734216
22.423700748416,3,0.0000532428455223518
0.737315686145113,2,0.691662026921979
