"null.deviance","df.null","logLik","AIC","BIC","deviance","df.residual","nobs"
793.559054673208,869,-185.634386348513,415.268772697027,520.175623353297,371.268772697027,848,870
