"null.deviance","df.null","logLik","AIC","BIC","deviance","df.residual","nobs"
793.559054673208,869,-186.108556385057,414.217112770114,514.355470214736,372.217112770114,849,870
