"null.deviance","df.null","logLik","AIC","BIC","deviance","df.residual","nobs"
793.559054673208,869,-186.859288506413,409.718577012827,495.551454822502,373.718577012827,852,870
