"term","estimate","std.error","statistic","p.value"
"(Intercept)",-0.117783035656383,0.280541803843279,-0.419841300094375,0.674601391863186
"TreatmentCO",-0.218689200964826,0.405484881564626,-0.539327631947657,0.589660805800569
"TreatmentCS",0.0268112574506568,0.412069183744969,0.0650649417823254,0.948122293665812
"TreatmentMH",0.810930216216125,0.431099201461958,1.88107566301694,0.0599616270526475
"TreatmentMO",0.469180922494272,0.410331962367822,1.14341792871036,0.252865112129007
"TreatmentMS",0.900542374905384,0.41203770446432,2.18558244827656,0.0288461678799165
