"Treatment","prob","SE","df","asymp.LCL","asymp.UCL"
"CH",0.480219634154826,0.0739639464792053,Inf,0.340753447618555,0.622838282059551
"CO",0.431089508653489,0.0753956329813246,Inf,0.293189547310279,0.580573589689171
"CS",0.521384258514064,0.0803333291632631,Inf,0.366940061324004,0.671845767506924
"MH",0.697190833892891,0.0740383833485757,Inf,0.536583570089339,0.820732259528852
"MO",0.620818754215335,0.076341373335514,Inf,0.464411925533752,0.755588410603173
"MS",0.726235067368218,0.0638997726977248,Inf,0.585568095835122,0.832790422197557
