"null.deviance","df.null","logLik","AIC","BIC","deviance","df.residual","nobs"
388.150281803648,281,-173.963427500948,367.926855001896,404.345925711277,347.926855001896,272,282
