"term","estimate","std.error","statistic","p.value"
"(Intercept)",-0.117783035656386,0.280541803843279,-0.419841300094384,0.674601391863179
"TreatmentCO",-0.218689200964824,0.405484881564626,-0.539327631947651,0.589660805800573
"TreatmentCS",0.026811257450659,0.412069183744967,0.0650649417823312,0.948122293665807
"TreatmentMH",0.810930216216129,0.431099201461958,1.88107566301695,0.0599616270526467
"TreatmentMO",0.469180922494272,0.410331962367821,1.14341792871036,0.252865112129007
"TreatmentMS",0.90054237490539,0.412037704464321,2.18558244827657,0.0288461678799159
