"null.deviance","df.null","logLik","AIC","BIC","deviance","df.residual"
388.150281803647,281,-187.960171341483,387.920342682967,409.771785108595,375.920342682967,276
