"Treatment","prob","SE","df","asymp.LCL","asymp.UCL"
"CH",0.470588235294117,0.0698927677395021,Inf,0.339026635687852,0.606367569466383
"CO",0.416666666666667,0.0711593802193551,Inf,0.28694030674724,0.559059623100113
"CS",0.477272727272727,0.0752999262154585,Inf,0.335695843543173,0.622598216021899
"MH",0.666666666666622,0.0727392833895499,Inf,0.512896761233145,0.791616326122414
"MO",0.58695652173913,0.0725975449320953,Inf,0.441393676039452,0.718756861463518
"MS",0.686274509803786,0.0649738498735848,Inf,0.547674917845238,0.798063989298609
